County,Sub County,Facility,Mfl Code,Emr Site,Keph Level,Partner
Homa Bay,Ndhiwa,Ndisi Dispensary,"16,771",Yes,Level 3,LVCT Vukisha 95
Homa Bay,Homa Bay Town,Homa Bay County Teaching and Referral Hospital,"13,608",Yes,Level 4,LVCT Vukisha 95
Homa Bay,Ndhiwa,Got Kojowi Health Centre,"13,589",Yes,Level 3,LVCT Vukisha 95
Homa Bay,Rachuonyo North,Kobuya Dispensary,"13,708",Yes,Level 3,HOMA BAY CHMT
Homa Bay,Rangwe,Obunga Dispensary,"13,957",Yes,Level 2,HOMA BAY CHMT
Homa Bay,Suba South,Suba District Hospital,"14,130",Yes,Level 4,LVCT Vukisha 95
Homa Bay,Rangwe,Kager Dispensary,"13,643",Yes,Level 2,HOMA BAY CHMT
Homa Bay,Suba South,Kiembe Dispensary,"18,077",Yes,Level 2,LVCT Vukisha 95
Homa Bay,Ndhiwa,Ndhiwa DH,"13,841",Yes,Level 4,LVCT Vukisha 95
Homa Bay,Homa Bay Town,Kijawa Dispensary,"16,765",Yes,Level 3,LVCT Vukisha 95
Homa Bay,Suba South,Nyamrisra Health Centre,"13,915",Yes,Level 3,LVCT Vukisha 95
Homa Bay,Suba North,Ogongo Sub County Hospital,"13,967",Yes,Level 4,LVCT Vukisha 95
Homa Bay,Rachuonyo North,Lela (Community) Dispensary,"13,733",Yes,Level 3,HOMA BAY CHMT
Homa Bay,Suba West,Soklo Dispensary,"14,095",Yes,Level 2,LVCT Vukisha 95
Homa Bay,Rachuonyo North,Got Oyaro Dispensary,"13,592",Yes,Level 3,HOMA BAY CHMT
Homa Bay,Homa Bay Town,Pala Masogo Health Center,"19,859",Yes,Level 3,LVCT Vukisha 95
Homa Bay,Ndhiwa,Amoyo Dispensary,"16,768",Yes,Level 3,LVCT Vukisha 95
Homa Bay,Suba North,Waware Dispensary,"14,171",Yes,Level 2,LVCT Vukisha 95
Homa Bay,Rachuonyo North,Ngeta Dispensary,"20,168",Yes,Level 3,HOMA BAY CHMT
Homa Bay,Rachuonyo East,Ober Health Center,"13,953",Yes,Level 3,HOMA BAY CHMT
Homa Bay,Rachuonyo East,Atela Health Centre,"18,610",Yes,Level 3,HOMA BAY CHMT
Homa Bay,Rangwe,Obwanda Dispensary,"13,958",Yes,Level 2,HOMA BAY CHMT
Homa Bay,Homa Bay Town,GK Prison Dispensary (Homa Bay),"13,578",Yes,Level 3,LVCT Prisons
Homa Bay,Rachuonyo South,Agawo Health Centre,"13,466",Yes,Level 3,HOMA BAY CHMT
Homa Bay,Rachuonyo North,Chuowe Dispensary,"13,529",Yes,Level 3,HOMA BAY CHMT
Homa Bay,Rangwe,Nyawita Dispensary,"19,864",Yes,Level 2,HOMA BAY CHMT
Homa Bay,Homa Bay Town,Wiga Dispensary,"14,172",Yes,Level 3,LVCT Vukisha 95
Homa Bay,Homa Bay Town,Miniambo Dispensary,"16,766",Yes,Level 3,LVCT Vukisha 95
Homa Bay,Ndhiwa,Kobodo Dispensary,"20,241",Yes,Level 3,LVCT Vukisha 95
Homa Bay,Rangwe,Oneno Dispensary,"16,985",Yes,Level 2,HOMA BAY CHMT
Homa Bay,Rangwe,Wikoteng Dispensary,"19,865",Yes,Level 2,HOMA BAY CHMT
Homa Bay,Homa Bay Town,Makongeni Health Centre,"19,858",Yes,Level 4,LVCT Vukisha 95
Homa Bay,Rachuonyo East,Kabondo Sub County Hospital,"13,638",Yes,Level 4,HOMA BAY CHMT
Homa Bay,Suba South,Lwanda Gwassi Dispendary,"13,742",Yes,Level 2,LVCT Vukisha 95
Homa Bay,Rangwe,Nduga Dispensary,"19,868",Yes,Level 2,HOMA BAY CHMT
Homa Bay,Suba South,Kigwa Dispensary,"13,691",Yes,Level 2,LVCT Vukisha 95
Homa Bay,Suba South,Kisaku Dispensary,"13,700",Yes,Level 2,LVCT Vukisha 95
Homa Bay,Rachuonyo East,Othoro Sub District Hospital,"14,002",Yes,Level 3,HOMA BAY CHMT
Homa Bay,Ndhiwa,Pala Level4,"14,011",Yes,Level 4,LVCT Vukisha 95
Homa Bay,Suba North,Litare community health centre,"22,476",Yes,Level 3,LVCT Vukisha 95
Homa Bay,Rachuonyo South,Sino Health Centre,"14,092",Yes,Level 3,HOMA BAY CHMT
Homa Bay,Rachuonyo North,Homa Lime Health Centre,"13,607",Yes,Level 3,HOMA BAY CHMT
Homa Bay,Rangwe,Ngegu Dispensary,"13,849",Yes,Level 2,HOMA BAY CHMT
Homa Bay,Suba North,Obalwanda Dispensary,"13,950",Yes,Level 2,LVCT Vukisha 95
Homa Bay,Ndhiwa,Lwanda Awiti Dispensary,"16,770",Yes,Level 3,LVCT Vukisha 95
Homa Bay,Ndhiwa,Ombo Kachieng' Dispensary,"13,979",Yes,Level 3,LVCT Vukisha 95
Homa Bay,Rachuonyo North,Raruowa Health Centre,"14,039",Yes,Level 3,HOMA BAY CHMT
Homa Bay,Rachuonyo North,Adiedo Dispensary,"13,463",Yes,Level 3,HOMA BAY CHMT
Homa Bay,Ndhiwa,Malela Dispensary,"13,761",Yes,Level 4,LVCT Vukisha 95
Homa Bay,Ndhiwa,Lambwe Forest Dispensary,"13,732",Yes,Level 3,LVCT Vukisha 95
Homa Bay,Rachuonyo North,Wagwe Health Center,"14,168",Yes,Level 3,HOMA BAY CHMT
Homa Bay,Ndhiwa,Maram Dispensary,"16,258",Yes,Level 3,LVCT Vukisha 95
Homa Bay,Suba North,Ndhuru Dispensary,"13,842",Yes,Level 2,LVCT Vukisha 95
Homa Bay,Rachuonyo South,Rachuonyo sub-county Hospital,"14,022",Yes,Level 4,HOMA BAY CHMT
Homa Bay,Rangwe,Randung Dispensary,"14,031",Yes,Level 2,HOMA BAY CHMT
Homa Bay,Suba South,Seka Health Centre,"14,074",Yes,Level 3,LVCT Vukisha 95
Homa Bay,Rachuonyo North,Ndere Dispensary,"20,173",Yes,Level 3,HOMA BAY CHMT
Homa Bay,Rachuonyo North,Nyaoga Dispensary,"16,876",Yes,Level 3,HOMA BAY CHMT
Homa Bay,Suba South,Msare Health Centre,"13,828",Yes,Level 3,LVCT Vukisha 95
Homa Bay,Ndhiwa,Kwamo Dispensary,"13,728",Yes,Level 3,LVCT Vukisha 95
Homa Bay,Rachuonyo North,Kangir Dispensary,"20,169",Yes,Level 3,HOMA BAY CHMT
Homa Bay,Suba North,Mbita DH,"13,798",Yes,Level 4,LVCT Vukisha 95
Homa Bay,Rachuonyo East,Masogo Dispensary,"13,784",Yes,Level 2,HOMA BAY CHMT
Homa Bay,Suba West,Remba Dispensary,"17,593",Yes,Level 2,LVCT Vukisha 95
Homa Bay,Suba North,Ngodhe Island Dispensary,"13,854",Yes,Level 2,LVCT Vukisha 95
Homa Bay,Suba North,Lambwe Dispensary,"13,731",Yes,Level 2,LVCT Vukisha 95
Homa Bay,Ndhiwa,Kiasa Dispensary,"13,686",Yes,Level 3,LVCT Vukisha 95
Homa Bay,Rangwe,Nyarut Health Centre,"19,860",Yes,Level 3,HOMA BAY CHMT
Homa Bay,Suba North,Ponge Dispensary (Mbita),"14,016",Yes,Level 2,LVCT Vukisha 95
Homa Bay,Rachuonyo South,Ongamo Dispensary,"18,892",Yes,Level 3,HOMA BAY CHMT
Homa Bay,Rachuonyo South,Koywech Dispensary,"18,531",Yes,Level 3,HOMA BAY CHMT
Homa Bay,Ndhiwa,Nguku Dispensary,"13,855",Yes,Level 3,LVCT Vukisha 95
Homa Bay,Rachuonyo East,Tala Health Centre,"17,170",Yes,Level 3,HOMA BAY CHMT
Homa Bay,Suba South,Godbura Health Centre,"13,585",Yes,Level 3,LVCT Vukisha 95
Homa Bay,Rachuonyo North,Chuthber Dispensary,"13,530",Yes,Level 3,HOMA BAY CHMT
Homa Bay,Ndhiwa,Otange Dispensary,"18,877",Yes,Level 3,LVCT Vukisha 95
Homa Bay,Rachuonyo East,Kokwanyo Health Centre,"13,712",Yes,Level 3,HOMA BAY CHMT
Homa Bay,Ndhiwa,Ober Kabuoch Dispensary,"13,952",Yes,Level 3,LVCT Vukisha 95
Homa Bay,Rachuonyo North,Olando Dispensary,"13,974",Yes,Level 2,HOMA BAY CHMT
Homa Bay,Ndhiwa,Ponge Dispensary - Ndhiwa,"14,015",Yes,Level 3,LVCT Vukisha 95
Homa Bay,Suba West,Takawiri Dispensary,"14,140",Yes,Level 2,LVCT Vukisha 95
Homa Bay,Rachuonyo South,Ombek Health Centre,"13,978",Yes,Level 3,HOMA BAY CHMT
Homa Bay,Rachuonyo South,Nyangiela Sub District Hospital,"13,926",Yes,Level 4,HOMA BAY CHMT
Homa Bay,Rachuonyo North,Nyangajo Dispensary,"20,172",Yes,Level 3,HOMA BAY CHMT
Homa Bay,Rachuonyo North,Kajieyi Dispensary,"13,646",Yes,Level 3,HOMA BAY CHMT
Homa Bay,Rachuonyo East,Kauma Health Centre,"13,658",Yes,Level 3,HOMA BAY CHMT
Homa Bay,Ndhiwa,Lwanda Kobita Dispensary,"20,285",Yes,Level 3,LVCT Vukisha 95
Homa Bay,Rachuonyo East,Got Kamondi Dispensary,"18,874",Yes,Level 2,HOMA BAY CHMT
Homa Bay,Ndhiwa,Magina Health Centre,"13,751",Yes,Level 3,LVCT Vukisha 95
Homa Bay,Suba South,Ngeri Dispensary,"17,711",Yes,Level 2,LVCT Vukisha 95
Homa Bay,Suba South,Kisegi SDH,"13,701",Yes,Level 4,LVCT Vukisha 95
Homa Bay,Suba West,Wakula Health Centre,"14,169",Yes,Level 3,LVCT Vukisha 95
Homa Bay,Ndhiwa,Kachuth Dispensary,"18,876",Yes,Level 3,LVCT Vukisha 95
Homa Bay,Rachuonyo East,Omiro Dispensary,"13,981",Yes,Level 3,HOMA BAY CHMT
Homa Bay,Rachuonyo North,GK Prison Health Centre (Rachuonyo North),"30,176",Yes,Level 3,LVCT Prisons
Homa Bay,Homa Bay Town,Orego Health Centre,"21,163",New,Level 2,No Partner
Homa Bay,Homa Bay Town,Ojunge Health Centre,"21,610",New,Level 2,No Partner
Homa Bay,Homa Bay Town,Otaro Health Centre,"22,303",New,Level 2,No Partner
Homa Bay,Homa Bay Town,Gilbert Obora Pedo Health Centre,"28,505",New,Level 2,No Partner
Homa Bay,Homa Bay Town,Imbo Health Centre,"28,506",New,Level 2,No Partner
Homa Bay,Ndhiwa,Randhore Health Center,"22,493",New,Level 2,No Partner
Homa Bay,Ndhiwa,Andiwo Health Center,"23,478",New,Level 2,No Partner
Homa Bay,Ndhiwa,Odaso Health Center,"28,581",New,Level 2,No Partner
Homa Bay,Ndhiwa,Ondati Health Center,"29,273",New,Level 2,No Partner
Homa Bay,Ndhiwa,Rayudhi Health Center,"21,534",New,Level 2,No Partner
Homa Bay,Ndhiwa,Ongako Health Center,"23,442",New,Level 2,No Partner
Homa Bay,Ndhiwa,Kawanga Health Center,"23,479",New,Level 2,No Partner
Homa Bay,Ndhiwa,Kabongo Community Health Centre,"22,988",New,Level 2,No Partner
Homa Bay,Ndhiwa,Got Rachar Health Center,"28,513",New,Level 2,No Partner
Homa Bay,Ndhiwa,Abuoro Health Center,"25,228",New,Level 2,No Partner
Homa Bay,Ndhiwa,Wikomimo Dispensary,"21,537",New,Level 2,No Partner
Homa Bay,Ndhiwa,Ratanga Health center,"26,802",New,Level 2,No Partner
Homa Bay,Ndhiwa,Nyamogo Health Center,"25,759",New,Level 2,No Partner
Homa Bay,Ndhiwa,Nyamanga Health Center (Ndhiwa),"25,596",New,Level 2,No Partner
Homa Bay,Ndhiwa,Langi Kodera Dispensary,"25,260",New,Level 2,No Partner
Homa Bay,Ndhiwa,Raphedhi Health centre,"28,574",New,Level 2,No Partner
Homa Bay,Rachuonyo East,Odino Health Centre,"21,488",New,Level 2,No Partner
Homa Bay,Rachuonyo East,Awach Health Centre,"21,489",New,Level 2,No Partner
Homa Bay,Rachuonyo East,Harambee Health Centre,"21,491",New,Level 2,No Partner
Homa Bay,Rachuonyo East,Otondo Health Centre,"25,514",New,Level 2,No Partner
Homa Bay,Rachuonyo East,Dudu Health Centre,"28,496",New,Level 2,No Partner
Homa Bay,Rachuonyo East,God Agak Health Centre,"28,512",New,Level 2,No Partner
Homa Bay,Rachuonyo East,Kilusi Health center,"22,190",New,Level 2,No Partner
Homa Bay,Rachuonyo North,Magao health Centre,"21,247",New,Level 2,No Partner
Homa Bay,Rachuonyo North,Oriwo Health Centre,"21,360",New,Level 2,No Partner
Homa Bay,Rachuonyo North,Rakwaro Health Centre,"21,482",New,Level 2,No Partner
Homa Bay,Rachuonyo North,Pala Health Centre,"22,123",New,Level 2,No Partner
Homa Bay,Rachuonyo North,Ager Health Centre,"22,530",New,Level 2,No Partner
Homa Bay,Rachuonyo North,Okita Health Center,"22,532",New,Level 2,No Partner
Homa Bay,Rachuonyo North,Alaro Health centre,"22,533",New,Level 2,No Partner
Homa Bay,Rachuonyo North,Ngolo Health Centre,"24,180",New,Level 2,No Partner
Homa Bay,Rachuonyo North,Kichawa Health Center,"25,752",New,Level 2,No Partner
Homa Bay,Rachuonyo North,Nyanenje Health Centre,"27,018",New,Level 2,No Partner
Homa Bay,Rachuonyo North,Bala Health Centre,"28,515",New,Level 2,No Partner
Homa Bay,Rachuonyo North,Ogwang Bware Health Centre,"28,516",New,Level 2,No Partner
Homa Bay,Rachuonyo North,Oyombe Health Centre,"28,771",New,Level 2,No Partner
Homa Bay,Rachuonyo North,Amwono Health Centre,"28,772",New,Level 2,No Partner
Homa Bay,Rachuonyo North,Kodondi Health centre,"29,887",New,Level 2,No Partner
Homa Bay,Rachuonyo North,Kamser Seka Health Centre,"29,888",New,Level 2,No Partner
Homa Bay,Rachuonyo North,Kodula Community Dispenary,"21,246",New,Level 2,No Partner
Homa Bay,Rachuonyo South,Ojwando Health Centre,"20,152",New,Level 2,No Partner
Homa Bay,Rachuonyo South,Oredho Health Centre,"21,961",New,Level 2,No Partner
Homa Bay,Rachuonyo South,Aimo Dispensary,"22,860",New,Level 2,No Partner
Homa Bay,Rachuonyo South,Dol Kodera Health Centre,"24,094",New,Level 2,No Partner
Homa Bay,Rachuonyo South,Kamagak Health Centre,"26,563",New,Level 2,No Partner
Homa Bay,Rachuonyo South,Midland Health Centre,"28,557",New,Level 2,No Partner
Homa Bay,Rachuonyo South,Mbita Kalando Health Centre,"29,027",New,Level 2,No Partner
Homa Bay,Rachuonyo South,Rapogi Health Centre,"29,343",New,Level 2,No Partner
Homa Bay,Rachuonyo South,Nyahera Health Centre,"31,500",New,Level 2,No Partner
Homa Bay,Rachuonyo South,Kokech Mirondo Health Center,"21,212",New,Level 2,No Partner
Homa Bay,Rachuonyo South,Osiepe Health Centre,"31,535",New,Level 2,No Partner
Homa Bay,Rachuonyo South,Kwoyo Dispensary,"29,926",New,Level 2,No Partner
Homa Bay,Rangwe,Rachar Health Centre,"24,820",New,Level 2,No Partner
Homa Bay,Rangwe,Dago Health Centre,"31,191",New,Level 2,No Partner
Homa Bay,Suba North,Miorre Health Centre,"18,075",New,Level 2,No Partner
Homa Bay,Suba North,Kuge Health Centre,"18,076",New,Level 2,No Partner
Homa Bay,Suba North,Ogando Health Centre,"18,078",New,Level 2,No Partner
Homa Bay,Suba North,Kipasi Health Centre,"22,478",New,Level 2,No Partner
Homa Bay,Suba North,Kakrigu Health Centre,"25,832",New,Level 2,No Partner
Homa Bay,Suba North,Dwele Health Centre,"27,637",New,Level 2,No Partner
Homa Bay,Suba North,Wandiji Health Centre,"28,744",New,Level 2,No Partner
Homa Bay,Suba North,Kirambo Health Centre,"28,758",New,Level 2,No Partner
Homa Bay,Suba North,Temo Health Centre,"28,759",New,Level 2,No Partner
Homa Bay,Suba North,Chamakowa Health Centre,"31,309",New,Level 2,No Partner
Homa Bay,Suba North,Rapora Dispensary,"31,797",New,Level 2,No Partner
Homa Bay,Suba North,Nyakiawo Health Centre,"32,812",New,Level 2,No Partner
Homa Bay,Suba South,Nyalkembo Health Centre,"20,913",New,Level 2,No Partner
Homa Bay,Suba South,Kijebi Health Centre,"21,239",New,Level 2,No Partner
Homa Bay,Suba South,Opemble Health Centre,"21,252",New,Level 2,No Partner
Homa Bay,Suba South,Nyamadede Health Centre,"21,282",New,Level 2,No Partner
Homa Bay,Suba South,Mukende Health Centre,"21,326",New,Level 2,No Partner
Homa Bay,Suba South,Mukuyu Health Centre,"21,412",New,Level 2,No Partner
Homa Bay,Suba South,Gingo Health Centre,"22,590",New,Level 2,No Partner
Homa Bay,Suba South,Mwiregwa Health Centre,"23,522",New,Level 2,No Partner
Homa Bay,Suba South,Kibuogi Island Health Centre,"26,975",New,Level 2,No Partner
Homa Bay,Suba South,Osiri Health Centre,"26,976",New,Level 2,No Partner
Homa Bay,Rachuonyo East,Ringa Health Centre,"23,432",New,Level 2,HOMA BAY CHMT
Kilifi,Magarini,Adu Dispensary,"11,198",New,Level 2,Stawisha Pwani
Kilifi,Ganze,Bale Dispensary,"28,295",New,Level 2,Stawisha Pwani
Kilifi,Ganze,Bamba Sub County Hospital,"11,237",Yes,Level 4,Stawisha Pwani
Kilifi,Ganze,Bandari Dispensary,"24,130",New,Level 2,Stawisha Pwani
Kilifi,Malindi,Baolala Dispensary,"11,244",Yes,Level 3,Stawisha Pwani
Kilifi,Kilifi South,Barani Dispensary,"29,476",New,Level 2,Stawisha Pwani
Kilifi,Magarini,Baricho Dispensary,"11,248",New,Level 2,Stawisha Pwani
Kilifi,Kilifi South,Bomani Dispensary,"11,255",Yes,Level 2,Stawisha Pwani
Kilifi,Magarini,Bombi Dispensary,"11,256",New,Level 2,Stawisha Pwani
Kilifi,Magarini,Bore Imani Dispensary,"24,120",New,Level 2,Stawisha Pwani
Kilifi,Magarini,Bore Singwaya Dispensary,"20,309",New,Level 2,Stawisha Pwani
Kilifi,Rabai,Boyani Dispensary,"24,108",New,Level 2,Stawisha Pwani
Kilifi,Rabai,Bwagamoyo Dispensary,"11,266",Yes,Level 2,Stawisha Pwani
Kilifi,Magarini,Chakama Dispensary,"11,276",Yes,Level 2,Stawisha Pwani
Kilifi,Kaloleni,Chalani Dispensary,"16,191",New,Level 2,Stawisha Pwani
Kilifi,Magarini,Chamari Dispensary,"20,308",New,Level 2,Stawisha Pwani
Kilifi,Kilifi South,Chasimba Health Centre,"11,282",Yes,Level 3,Stawisha Pwani
Kilifi,Rabai,Chibarani Dispensary,"28,424",New,Level 2,Stawisha Pwani
Kilifi,Rabai,Chilodi Crossfit Health Centre,"23,924",New,Level 2,Stawisha Pwani
Kilifi,Kilifi North,Chumani Dispensary,"24,115",New,Level 2,Stawisha Pwani
Kilifi,Kilifi North,Cowdray Dispensary,"11,293",Yes,Level 2,Stawisha Pwani
Kilifi,Magarini,Dagamra Dispensary,"11,297",New,Level 2,Stawisha Pwani
Kilifi,Ganze,Dida Dispensary,"11,305",Yes,Level 2,Stawisha Pwani
Kilifi,Ganze,Dungicha Dispensary,"19,024",New,Level 2,Stawisha Pwani
Kilifi,Ganze,Dzikunze Dispensary,"11,359",Yes,Level 2,Stawisha Pwani
Kilifi,Magarini,Fundi Issa Dispensary,"11,379",New,Level 2,Stawisha Pwani
Kilifi,Malindi,Gahaleni Dispensary,"11,380",New,Level 2,Stawisha Pwani
Kilifi,Magarini,Galana Kulalu Dispensary,"31,026",New,Level 2,Stawisha Pwani
Kilifi,Malindi,Ganda Dispensary,"11,382",Yes,Level 2,Stawisha Pwani
Kilifi,Magarini,Gandini Dispensary,"18,300",New,Level 2,Stawisha Pwani
Kilifi,Ganze,Ganze Health Centre,"11,383",Yes,Level 3,Stawisha Pwani
Kilifi,Magarini,Garashi Dispensary,"11,384",New,Level 2,Stawisha Pwani
Kilifi,Kilifi North,Gede Health Cetre,"11,387",Yes,Level 3,Stawisha Pwani
Kilifi,Magarini,GK Prison Dispensary (Magarini),"11,394",Yes,Level 2,Stawisha Pwani
Kilifi,Kilifi North,GK Prison Dispensary Kilifi,"23,678",New,Level 2,LVCT Prisons
Kilifi,Magarini,Gongoni Health Centre,"11,401",Yes,Level 3,Stawisha Pwani
Kilifi,Ganze,Goshi Dispensary,"34,349",New,Level 2,Stawisha Pwani
Kilifi,Kaloleni,Gotani Model Health Centre,"11,404",Yes,Level 3,Stawisha Pwani
Kilifi,Ganze,Jaribuni Dispensary,"11,430",Yes,Level 2,Stawisha Pwani
Kilifi,Kaloleni,Jibana Sub District Hospital,"11,432",Yes,Level 4,Stawisha Pwani
Kilifi,Ganze,Jila Model Health Centre,"21,544",New,Level 3,Stawisha Pwani
Kilifi,Malindi,Jilore Dispensary,"11,433",New,Level 2,Stawisha Pwani
Kilifi,Kilifi North,Jimba Dispensary,"22,766",New,Level 2,Stawisha Pwani
Kilifi,Kilifi South,Junju Dispensary,"11,444",New,Level 2,Stawisha Pwani
Kilifi,Ganze,Kachororoni Dispensary,"21,545",New,Level 2,Stawisha Pwani
Kilifi,Kilifi North,Kadaina Community Dispensary,"11,445",New,Level 2,Stawisha Pwani
Kilifi,Magarini,Kadzandani Dispensary,"29,319",New,Level 2,Stawisha Pwani
Kilifi,Magarini,Kadzifitseni Dispensary,"24,121",New,Level 2,Stawisha Pwani
Kilifi,Kilifi North,Kadzinuni Dispensary,"11,447",New,Level 2,Stawisha Pwani
Kilifi,Ganze,Kaembeni Dispensary,"25,168",New,Level 2,Stawisha Pwani
Kilifi,Malindi,Kakoneni Dispensary,"11,452",New,Level 2,Stawisha Pwani
Kilifi,Malindi,Kakuyuni Dispensary (Malindi),"11,453",Yes,Level 2,Stawisha Pwani
Kilifi,Kaloleni,Kaloleni GK Prison Dispensary,"24,209",Yes,Level 2,Stawisha Pwani
Kilifi,Magarini,Kamale Dispensary,"23,121",New,Level 2,Stawisha Pwani
Kilifi,Rabai,Kambe Dispensary,"16,192",New,Level 2,Stawisha Pwani
Kilifi,Magarini,Kambi ya Waya Dispensary,"20,771",Yes,Level 2,Stawisha Pwani
Kilifi,Kaloleni,Kamkomani Dispensary,"19,189",New,Level 2,Stawisha Pwani
Kilifi,Rabai,Kanyumbuni Dispensary,"24,135",New,Level 2,Stawisha Pwani
Kilifi,Malindi,Kaoyeni Dispensary,"26,389",New,Level 2,Stawisha Pwani
Kilifi,Magarini,Karimboni Dispensary,"20,344",New,Level 2,Stawisha Pwani
Kilifi,Kaloleni,Kasemeni Dispensary,"21,546",New,Level 2,Stawisha Pwani
Kilifi,Magarini,Kavunyalalo Dispensary,"24,119",New,Level 2,Stawisha Pwani
Kilifi,Malindi,Kavunyalalo Paziani Dispensary,"25,369",New,Level 2,Stawisha Pwani
Kilifi,Kaloleni,Kibao Kiche Dispensary,"29,402",New,Level 2,Stawisha Pwani
Kilifi,Kilifi North,Kilifi County Hospital,"11,474",Yes,Level 4,Stawisha Pwani
Kilifi,Kilifi North,Kilifi Gk Prison Vct,"22,481",Yes,Level 2,Stawisha Pwani
Kilifi,Kaloleni,Kinarani Dispensary,"11,481",New,Level 2,Stawisha Pwani
Kilifi,Kaloleni,Kithengwani Dispensary,"31,214",New,Level 2,Stawisha Pwani
Kilifi,Kilifi North,Kiwandani Dispensary,"11,493",New,Level 2,Stawisha Pwani
Kilifi,Kilifi South,Kizingo Health Centre,"11,497",Yes,Level 3,Stawisha Pwani
Kilifi,Rabai,Kokotoni Dispensary,"17,017",Yes,Level 2,Stawisha Pwani
Kilifi,Rabai,Kombeni Dispensary,"11,498",New,Level 2,Stawisha Pwani
Kilifi,Kilifi North,Konjora Dispensary,"21,539",Yes,Level 2,Stawisha Pwani
Kilifi,Ganze,Kwa Dadu Dispensary,"26,135",New,Level 2,Stawisha Pwani
Kilifi,Rabai,Lenga Dispensary,"11,517",New,Level 2,Stawisha Pwani
Kilifi,Rabai,Lutsanga Dispensary,"28,572",New,Level 2,Stawisha Pwani
Kilifi,Ganze,Madamani Dispensary,"11,532",New,Level 2,Stawisha Pwani
Kilifi,Malindi,Madunguni Dispensary,"11,534",Yes,Level 2,Stawisha Pwani
Kilifi,Kaloleni,Madzimbani Dispensary,"23,653",New,Level 2,Stawisha Pwani
Kilifi,Magarini,Magarini Dispensary,"24,049",New,Level 2,Stawisha Pwani
Kilifi,Rabai,Makanzani Dispensary,"11,547",New,Level 2,Stawisha Pwani
Kilifi,Kaloleni,Makomboani Dispensary,"23,666",New,Level 2,Stawisha Pwani
Kilifi,Malindi,Malindi Sub-County Hospital,"11,555",New,Level 4,Stawisha Pwani
Kilifi,Magarini,Mambrui Dispensary,"11,559",Yes,Level 2,Stawisha Pwani
Kilifi,Magarini,Marafa Sub County Hospital,"11,562",Yes,Level 4,Stawisha Pwani
Kilifi,Magarini,Marereni Dispensary,"11,563",Yes,Level 2,Stawisha Pwani
Kilifi,Kaloleni,Mariakani Sub County Hospital,"11,566",New,Level 4,Stawisha Pwani
Kilifi,Malindi,Marikano Dispensary,"24,363",New,Level 2,Stawisha Pwani
Kilifi,Magarini,Marikebuni Dispensary,"11,571",Yes,Level 2,Stawisha Pwani
Kilifi,Magarini,Matolani Dispensary,"11,578",New,Level 2,Stawisha Pwani
Kilifi,Kilifi North,Matsangoni Model Health Centre,"11,580",Yes,Level 3,Stawisha Pwani
Kilifi,Kilifi North,Mavueni Dispensary,"18,482",New,Level 2,Stawisha Pwani
Kilifi,Ganze,Mbudzi Community Health Centre,"25,626",New,Level 2,Stawisha Pwani
Kilifi,Kilifi North,Mdzongoloni Dispensary,"31,054",New,Level 2,Stawisha Pwani
Kilifi,Kaloleni,Mgamboni Dispensary,"11,601",New,Level 2,Stawisha Pwani
Kilifi,Kilifi North,Mida-Majaoni Dispensary,"29,260",New,Level 2,Stawisha Pwani
Kilifi,Ganze,Midoina Dispensary,"11,609",New,Level 2,Stawisha Pwani
Kilifi,Kilifi North,Mijomboni Dispensary,"11,610",New,Level 2,Stawisha Pwani
Kilifi,Ganze,Mirihini Dispensary,"11,618",New,Level 2,Stawisha Pwani
Kilifi,Rabai,Mitsajeni Dispensary,"23,593",New,Level 2,Stawisha Pwani
Kilifi,Magarini,Mizijini Dispensary,"11,625",New,Level 2,Stawisha Pwani
Kilifi,Magarini,Mjanaheri Dispensary,"21,213",New,Level 2,Stawisha Pwani
Kilifi,Malindi,Mkaomoto Dispensary,"29,155",New,Level 2,Stawisha Pwani
Kilifi,Malindi,Mkondoni Dispensary,"21,541",New,Level 2,Stawisha Pwani
Kilifi,Malindi,Mmangani Dispensary,"20,036",New,Level 2,Stawisha Pwani
Kilifi,Kilifi North,Mnarani Dispensary,"11,636",New,Level 2,Stawisha Pwani
Kilifi,Malindi,Mongotini Dispensary,"27,037",New,Level 2,Stawisha Pwani
Kilifi,Ganze,Mrima Wa Ndege Dispensary,"24,118",New,Level 2,Stawisha Pwani
Kilifi,Malindi,Mshongoleni Community Dispensary,"20,300",New,Level 2,Stawisha Pwani
Kilifi,Kilifi South,Msumarini Dispensary,"11,659",Yes,Level 2,Stawisha Pwani
Kilifi,Magarini,Mtangani Dispensary,"28,442",New,Level 2,Stawisha Pwani
Kilifi,Kilifi South,Mtepeni Dispensary,"11,666",New,Level 2,Stawisha Pwani
Kilifi,Kilifi North,Mtondia Dispensary,"11,667",New,Level 2,Stawisha Pwani
Kilifi,Magarini,Mtoroni Dispensary,"18,309",New,Level 2,Stawisha Pwani
Kilifi,Kilifi South,Mtwapa Dispensary (Shimo La Tewa),"24,137",New,Level 2,Stawisha Pwani
Kilifi,Kilifi South,Mtwapa Sub County Hospital,"11,672",New,Level 4,Stawisha Pwani
Kilifi,Magarini,Mulunguni Dispensary,"21,787",New,Level 2,Stawisha Pwani
Kilifi,Ganze,Muryachakwe Dispensary,"11,653",New,Level 2,Stawisha Pwani
Kilifi,Malindi,Muyeye Health Centre (Municipal),"11,677",Yes,Level 3,Stawisha Pwani
Kilifi,Magarini,Muyu Wa Kae Dispensary,"25,679",New,Level 2,Stawisha Pwani
Kilifi,Magarini,Mwaeba Garithe Dispensary,"28,876",New,Level 2,Stawisha Pwani
Kilifi,Kilifi North,Mwakuhenga Dispensary,"31,053",New,Level 2,Stawisha Pwani
Kilifi,Magarini,Mwangatini Dispensary,"11,689",Yes,Level 2,Stawisha Pwani
Kilifi,Ganze,Mwapula Dispensary,"21,119",New,Level 2,Stawisha Pwani
Kilifi,Kilifi South,Mwembe kati dispensary,"24,136",New,Level 2,Stawisha Pwani
Kilifi,Kaloleni,Ndatani Dispensary (Kaloleni),"21,547",New,Level 2,Stawisha Pwani
Kilifi,Ganze,Ndigiria Dispensary,"24,889",New,Level 2,Stawisha Pwani
Kilifi,Kilifi North,Ngerenya Dispensary,"11,713",Yes,Level 2,Stawisha Pwani
Kilifi,Magarini,Ngomeni Health Centre (Magarini),"11,715",Yes,Level 2,Stawisha Pwani
Kilifi,Ganze,Nyari Dispensary,"31,012",New,Level 2,Stawisha Pwani
Kilifi,Ganze,Palakumi Dispensary,"11,730",Yes,Level 2,Stawisha Pwani
Kilifi,Kilifi South,Pingilikani Dispensary,"11,738",New,Level 2,Stawisha Pwani
Kilifi,Rabai,Rabai Sub County Hospital,"11,748",Yes,Level 4,Stawisha Pwani
Kilifi,Magarini,Rainbow Medical Clinic (Burangi),"11,752",New,Level 2,Stawisha Pwani
Kilifi,Rabai,Ribe Dispensary,"11,756",Yes,Level 2,Stawisha Pwani
Kilifi,Ganze,Rimarapera Dispensary,"11,617",New,Level 2,Stawisha Pwani
Kilifi,Kilifi North,Roka Maweni Dispensary,"11,758",New,Level 2,Stawisha Pwani
Kilifi,Magarini,Sabaki Dispensary,"11,761",Yes,Level 2,Stawisha Pwani
Kilifi,Ganze,Shaka Dispensary,"33,889",New,Level 2,Stawisha Pwani
Kilifi,Magarini,Shakahola Dispensary,"23,118",New,Level 2,Stawisha Pwani
Kilifi,Kaloleni,Shangia Dispensary,"16,189",New,Level 2,Stawisha Pwani
Kilifi,Ganze,Shirango Dispensary,"24,117",New,Level 2,Stawisha Pwani
Kilifi,Magarini,Shomella Dispensary,"20,307",New,Level 2,Stawisha Pwani
Kilifi,Ganze,Sokoke Dispensary,"11,802",New,Level 2,Stawisha Pwani
Kilifi,Malindi,Sosobora Dispensary,"21,542",New,Level 2,Stawisha Pwani
Kilifi,Magarini,Sosoni Dispensary,"11,805",New,Level 2,Stawisha Pwani
Kilifi,Kilifi North,Takaungu Dispensary,"11,836",Yes,Level 2,Stawisha Pwani
Kilifi,Kaloleni,Tsangatsini Dispensary,"11,859",Yes,Level 2,Stawisha Pwani
Kilifi,Kilifi South,Tunzanani Dispensary,"24,138",New,Level 2,Stawisha Pwani
Kilifi,Rabai,Uwanja Wa Ndege Dispensary,"23,925",New,Level 2,Stawisha Pwani
Kilifi,Kilifi South,Vipingo Rural Demonstration Health Centre,"11,881",New,Level 3,Stawisha Pwani
Kilifi,Kaloleni,Viragoni Dispensary,"17,689",New,Level 2,Stawisha Pwani
Kilifi,Kaloleni,Vishakani Dispensary,"16,190",New,Level 2,Stawisha Pwani
Kilifi,Ganze,Vitengeni Health Centre,"11,883",Yes,Level 3,Stawisha Pwani
Kilifi,Kilifi North,Watamu Dispensary,"11,895",New,Level 2,Stawisha Pwani
Kilifi,Kilifi South,Ziani Dispensary,"18,374",New,Level 2,Stawisha Pwani
Kilifi,Kilifi North,Zowerani Dispensary,"23,958",New,Level 2,Stawisha Pwani
Siaya,Rarieda Sub County,Abidha Health Centre,"13,461",Yes,Level 3,CHS Shinda Tena
Siaya,Rarieda Sub County,Agok Dispensary,"28,808",New EMR Site,Level 2,No Partner
Siaya,Gem Sub County,Akala Health Centre,"13,471",Yes,Level 3,Siaya CHMT
Siaya,Ugunja Sub County,Ambira Sub-County Hospital,"13,476",Yes,Level 4,Siaya CHMT
Siaya,Bondo Sub County,Anyuongi Health Centre,"13,482",Yes,Level 3,CHS Shinda Tena
Siaya,Gem Sub County,Asayi Dispensary,"16,783",Yes,Level 2,Siaya CHMT
Siaya,Ugenya Sub County,Bar Achuth Dispensary,"13,495",Yes,Level 3,Siaya CHMT
Siaya,Alego Usonga Sub County,Bar Agulu Dispensary,"13,496",Yes,Level 3,Siaya CHMT
Siaya,Rarieda Sub County,Bar Aluru Dispensary (Rarieda),"13,497",Yes,Level 2,CHS Shinda Tena
Siaya,Ugenya Sub County,Bar Ndege Dispensary,"16,784",Yes,Level 3,Siaya CHMT
Siaya,Alego Usonga Sub County,Bar Olengo Health Centre,"13,499",Yes,Level 3,Siaya CHMT
Siaya,Ugenya Sub County,Bar Owengo Dispensary,"29,056",New EMR Site,Level 2,No Partner
Siaya,Gem Sub County,Bar Sauri Health Centre,"16,785",Yes,Level 3,Siaya CHMT
Siaya,Alego Usonga Sub County,Barding Dispensary,"18,396",Yes,Level 2,Siaya CHMT
Siaya,Alego Usonga Sub County,Benga Dispensary,"16,786",Yes,Level 2,Siaya CHMT
Siaya,Bondo Sub County,Bondo County Referral Hospital,"13,507",Yes,Level 4,CHS Shinda Tena
Siaya,Alego Usonga Sub County,Boro Health Centre,"13,513",Yes,Level 3,Siaya CHMT
Siaya,Rarieda Sub County,Chianda Dispensary (Rarieda),"18,564",Yes,Level 2,CHS Shinda Tena
Siaya,Gem Sub County,Dienya Health Centre,"13,533",Yes,Level 3,Siaya CHMT
Siaya,Alego Usonga Sub County,Gangu Dispensary,"27,336",New EMR Site,Level 2,No Partner
Siaya,Bondo Sub County,Gobei Health Centre,"13,581",Yes,Level 3,CHS Shinda Tena
Siaya,Gem Sub County,Gogo Disp,"19,907",New EMR Site,Level 2,No Partner
Siaya,Alego Usonga Sub County,GOK Prison Health Centre - Siaya,"18,264",New EMR Site,Level 3,No Partner
Siaya,Bondo Sub County,Gombe Dispensary,"22,291",New EMR Site,Level 2,No Partner
Siaya,Gem Sub County,Gongo Health Centre,"17,516",Yes,Level 3,Siaya CHMT
Siaya,Bondo Sub County,Got Agulu Sub-District Hospital,"13,588",Yes,Level 4,CHS Shinda Tena
Siaya,Alego Usonga Sub County,Got Koyembe Dispensary,"21,792",New EMR Site,Level 2,No Partner
Siaya,Bondo Sub County,Got Matar Health Centre,"13,590",Yes,Level 3,CHS Shinda Tena
Siaya,Ugunja Sub County,Got Osimbo Dispensary,"18,321",Yes,Level 2,Siaya CHMT
Siaya,Gem Sub County,Got Regea Dispensary,"17,520",Yes,Level 2,Siaya CHMT
Siaya,Bondo Sub County,Got Winyo Dispensary,"21,515",New EMR Site,Level 2,No Partner
Siaya,Alego Usonga Sub County,Hawinga Health Centre,"13,600",Yes,Level 3,Siaya CHMT
Siaya,Ugenya Sub County,Inungo Dispensary,"27,167",New EMR Site,Level 2,No Partner
Siaya,Rarieda Sub County,Jar Dispensary,"30,256",New EMR Site,Level 2,No Partner
Siaya,Ugenya Sub County,Jera Dispensary,"13,634",Yes,Level 3,Siaya CHMT
Siaya,Alego Usonga Sub County,Kabura Uhuyi Dispensary,"17,531",Yes,Level 2,Siaya CHMT
Siaya,Alego Usonga Sub County,Kadenge Ratuoro Health Centre,"13,641",Yes,Level 3,Siaya CHMT
Siaya,Rarieda Sub County,Kagwa Health Centre,"13,644",Yes,Level 3,CHS Shinda Tena
Siaya,Alego Usonga Sub County,Kaluo Health Centre,"13,648",Yes,Level 3,Siaya CHMT
Siaya,Bondo Sub County,Kambajo Health Centre,"13,651",Yes,Level 3,CHS Shinda Tena
Siaya,Gem Sub County,Kambare Dispensary,"17,527",Yes,Level 2,Siaya CHMT
Siaya,Gem Sub County,Kanyadet Dispensary,"22,284",New EMR Site,Level 2,No Partner
Siaya,Bondo Sub County,Kapiyo Health Centre,"13,655",Yes,Level 3,CHS Shinda Tena
Siaya,Alego Usonga Sub County,Karuoth Dispensary,"17,533",Yes,Level 2,Siaya CHMT
Siaya,Bondo Sub County,Kibuye Dispensary,"21,516",New EMR Site,Level 2,No Partner
Siaya,Alego Usonga Sub County,Kochieng' Dispensary,"21,795",New EMR Site,Level 2,No Partner
Siaya,Alego Usonga Sub County,Kogelo Health Centre,"13,710",Yes,Level 3,Siaya CHMT
Siaya,Ugenya Sub County,Konya Community Dispensary,"26,799",New EMR Site,Level 2,No Partner
Siaya,Rarieda Sub County,Kopiata Beach Dispensary (Rarieda),"18,050",New EMR Site,Level 2,No Partner
Siaya,Rarieda Sub County,Kunya Dispensary,"13,725",Yes,Level 2,CHS Shinda Tena
Siaya,Alego Usonga Sub County,Lake Kanyaboli Community Dispensary,"22,543",New EMR Site,Level 2,No Partner
Siaya,Gem Sub County,Lela Dispensary,"27,412",New EMR Site,Level 2,No Partner
Siaya,Gem Sub County,Lidha Dispensary,"17,525",Yes,Level 2,Siaya CHMT
Siaya,Rarieda Sub County,Lieta Health Centre (Rarieda),"17,439",Yes,Level 3,CHS Shinda Tena
Siaya,Ugenya Sub County,Ligala Dispensary,"18,320",Yes,Level 2,Siaya CHMT
Siaya,Ugunja Sub County,Ligega Health Centre,"13,735",Yes,Level 3,Siaya CHMT
Siaya,Ugenya Sub County,Lur Dispensary,"29,059",New EMR Site,Level 2,No Partner
Siaya,Ugenya Sub County,Luthehe Dispensary,"24,973",New EMR Site,Level 2,No Partner
Siaya,Ugenya Sub County,Lwero Dispensary,"29,058",New EMR Site,Level 2,No Partner
Siaya,Bondo Sub County,Mabinju Dispensary,"13,743",Yes,Level 2,CHS Shinda Tena
Siaya,Rarieda Sub County,Madiany Sub County Hospital,"13,747",Yes,Level 4,CHS Shinda Tena
Siaya,Bondo Sub County,Mageta Health Centre,"13,750",Yes,Level 3,CHS Shinda Tena
Siaya,Bondo Sub County,Mago Dispensary,"27,933",New EMR Site,Level 2,No Partner
Siaya,Rarieda Sub County,Mahaya Health Centre (Rarieda),"13,757",Yes,Level 3,CHS Shinda Tena
Siaya,Gem Sub County,Malanga Health Centre,"13,760",Yes,Level 3,Siaya CHMT
Siaya,Gem Sub County,Malunga Dispensary,"27,797",New EMR Site,Level 2,No Partner
Siaya,Bondo Sub County,Manyonge Dispensary,"23,092",New EMR Site,Level 2,No Partner
Siaya,Rarieda Sub County,Manyuanda Health Centre (Rarieda),"13,771",Yes,Level 3,CHS Shinda Tena
Siaya,Gem Sub County,Marenyo Health Centre,"13,773",Yes,Level 3,Siaya CHMT
Siaya,Rarieda Sub County,Masala Dispensary,"13,780",Yes,Level 3,CHS Shinda Tena
Siaya,Ugenya Sub County,Masasia Dispensary,"26,800",New EMR Site,Level 2,No Partner
Siaya,Bondo Sub County,Masinya Dispensary,"21,529",New EMR Site,Level 2,No Partner
Siaya,Bondo Sub County,Masita Dispensary,"27,947",New EMR Site,Level 2,No Partner
Siaya,Gem Sub County,Masogo Dispensary (Gem),"17,518",Yes,Level 2,Siaya CHMT
Siaya,Rarieda Sub County,Matera Dispensary,"28,807",New EMR Site,Level 2,No Partner
Siaya,Bondo Sub County,Mawere Health Centre,"13,796",Yes,Level 3,CHS Shinda Tena
Siaya,Bondo Sub County,Mbeka Health Centre,"21,517",New EMR Site,Level 3,No Partner
Siaya,Ugenya Sub County,Mdondo Dispensary,"29,060",New EMR Site,Level 2,No Partner
Siaya,Gem Sub County,Mindhine Dispensary,"13,803",Yes,Level 3,Siaya CHMT
Siaya,Bondo Sub County,Minyiri Dispensary,"29,776",New EMR Site,Level 2,No Partner
Siaya,Rarieda Sub County,Misori Dispensary,"13,815",Yes,Level 3,CHS Shinda Tena
Siaya,Ugunja Sub County,Muhwayo Dispensary,"27,422",New EMR Site,Level 2,No Partner
Siaya,Alego Usonga Sub County,Mulaha Health Centre,"13,834",Yes,Level 3,Siaya CHMT
Siaya,Alego Usonga Sub County,Mur Malanga Dispensary,"17,523",Yes,Level 2,Siaya CHMT
Siaya,Alego Usonga Sub County,Mwer Dispensary,"16,788",Yes,Level 2,Siaya CHMT
Siaya,Rarieda Sub County,Naya Health Centre,"13,837",Yes,Level 3,CHS Shinda Tena
Siaya,Bondo Sub County,Ndeda Dispensary,"13,839",Yes,Level 2,CHS Shinda Tena
Siaya,Rarieda Sub County,Ndere Dispensary (Rarieda),"32,622",New EMR Site,Level 2,No Partner
Siaya,Gem Sub County,Ndere Health Centre,"13,840",Yes,Level 3,Siaya CHMT
Siaya,Rarieda Sub County,Ndori Health Centre,"13,845",Yes,Level 3,CHS Shinda Tena
Siaya,Alego Usonga Sub County,Nduru Dispensary,"16,787",Yes,Level 2,Siaya CHMT
Siaya,Rarieda Sub County,Ndwara Dispensary (Rarieda),"31,522",New EMR Site,Level 2,No Partner
Siaya,Gem Sub County,Nguge Dispensary,"17,526",New EMR Site,Level 2,No Partner
Siaya,Gem Sub County,Nyabeda Dispensary,"29,326",New EMR Site,Level 2,No Partner
Siaya,Alego Usonga Sub County,Nyadhi Dispensary,"17,535",Yes,Level 2,Siaya CHMT
Siaya,Rarieda Sub County,Nyagoko Dispensary,"13,874",Yes,Level 2,CHS Shinda Tena
Siaya,Bondo Sub County,Nyaguda Health Center,"13,877",Yes,Level 3,CHS Shinda Tena
Siaya,Rarieda Sub County,Nyagwara Dispensary,"21,292",New EMR Site,Level 2,No Partner
Siaya,Ugenya Sub County,Nyalweny Dispensary,"29,057",New EMR Site,Level 2,No Partner
Siaya,Alego Usonga Sub County,Nyamboyo Dispensary,"27,337",New EMR Site,Level 2,No Partner
Siaya,Ugenya Sub County,Nyamsenda Dispensary,"27,166",New EMR Site,Level 2,No Partner
Siaya,Ugenya Sub County,Nyangu Dispensary,"13,930",Yes,Level 3,Siaya CHMT
Siaya,Alego Usonga Sub County,Nyathengo Dispensary,"13,944",Yes,Level 2,Siaya CHMT
Siaya,Gem Sub County,Nyawara Health Centre,"13,947",Yes,Level 3,Siaya CHMT
Siaya,Rarieda Sub County,Nyayiera Dispensary (Rarieda),"20,038",New EMR Site,Level 3,No Partner
Siaya,Bondo Sub County,Nyenye Misori Dispensary,"13,948",Yes,Level 2,CHS Shinda Tena
Siaya,Bondo Sub County,Nyodima Dispensary,"21,514",New EMR Site,Level 2,No Partner
Siaya,Alego Usonga Sub County,Obambo Dispensary,"28,894",New EMR Site,Level 2,No Partner
Siaya,Alego Usonga Sub County,Ober Ogunga Dispensary,"22,081",New EMR Site,Level 2,No Partner
Siaya,Ugenya Sub County,Obwogre Dispensary,"22,407",New EMR Site,Level 2,No Partner
Siaya,Gem Sub County,Oding Dispensary,"17,515",Yes,Level 2,Siaya CHMT
Siaya,Bondo Sub County,Ogam Health Centre,"13,961",Yes,Level 3,CHS Shinda Tena
Siaya,Gem Sub County,Ogero Dispensary,"13,966",Yes,Level 2,Siaya CHMT
Siaya,Gem Sub County,Olengo Dispensary,"22,499",New EMR Site,Level 2,No Partner
Siaya,Rarieda Sub County,Omia Diere Dispensary,"24,746",New EMR Site,Level 2,No Partner
Siaya,Rarieda Sub County,Ong'ielo Model Health Centre,"13,987",Yes,Level 4,CHS Shinda Tena
Siaya,Gem Sub County,Orombe Dispensary,"29,321",New EMR Site,Level 2,No Partner
Siaya,Ugenya Sub County,Osure Dispensary,"24,674",New EMR Site,Level 2,No Partner
Siaya,Bondo Sub County,Othach Dispensary,"14,000",Yes,Level 2,CHS Shinda Tena
Siaya,Bondo Sub County,Ouya Dispensary,"14,005",Yes,Level 2,CHS Shinda Tena
Siaya,Bondo Sub County,Oyamo Dispensary,"14,007",Yes,Level 2,CHS Shinda Tena
Siaya,Rarieda Sub County,Pap Kodero Health Centre,"14,013",Yes,Level 3,CHS Shinda Tena
Siaya,Alego Usonga Sub County,Pap Oriang' Dispensary,"21,840",New EMR Site,Level 2,No Partner
Siaya,Alego Usonga Sub County,Rabar Health Centre,"14,018",Yes,Level 3,Siaya CHMT
Siaya,Rarieda Sub County,Rabel Dispensary,"24,745",New EMR Site,Level 2,No Partner
Siaya,Bondo Sub County,Radier Dispensary,"14,023",Yes,Level 2,CHS Shinda Tena
Siaya,Rarieda Sub County,Rageng'ni Dispensary,"14,026",Yes,Level 2,CHS Shinda Tena
Siaya,Rarieda Sub County,Rambugu Dispensary (Rarieda),"17,437",Yes,Level 2,CHS Shinda Tena
Siaya,Ugunja Sub County,Rambula Dispensary,"16,789",Yes,Level 2,Siaya CHMT
Siaya,Gem Sub County,Ramula Health Centre,"14,030",Yes,Level 3,Siaya CHMT
Siaya,Alego Usonga Sub County,Randago Dispensary,"17,521",Yes,Level 3,Siaya CHMT
Kisumu,Seme,Bodi Health Centre,"13,503",Yes,Level 3,HJF_Kisumu West
Siaya,Bondo Sub County,Rapogi Dispensary,"23,441",New EMR Site,Level 2,No Partner
Siaya,Gem Sub County,Rera Health Centre,"14,042",Yes,Level 4,Siaya CHMT
Siaya,Alego Usonga Sub County,Rwambwa Sub-County Hospital,"14,063",Yes,Level 4,Siaya CHMT
Siaya,Rarieda Sub County,Saradidi Dispensary,"14,068",Yes,Level 3,CHS Shinda Tena
Siaya,Ugenya Sub County,Sega Dispensary,"14,072",Yes,Level 2,Siaya CHMT
Siaya,Alego Usonga Sub County,Segere Health Centre,"16,790",Yes,Level 3,Siaya CHMT
Siaya,Bondo Sub County,Serawongo Dispensary,"14,077",Yes,Level 2,CHS Shinda Tena
Siaya,Gem Sub County,Siala Kaduol,"18,426",Yes,Level 2,Siaya CHMT
Siaya,Alego Usonga Sub County,Siaya County Referral Hospital,"14,080",Yes,Level 4,Siaya CHMT
Siaya,Bondo Sub County,Sifu Dispensary,"31,464",New EMR Site,Level 2,No Partner
Siaya,Ugenya Sub County,Sifuyo Health centre,"14,084",Yes,Level 3,Siaya CHMT
Siaya,Ugunja Sub County,Sigomere Sub County Hospital,"14,085",Yes,Level 4,Siaya CHMT
Siaya,Ugunja Sub County,Sikalame Health Centre,"14,087",Yes,Level 3,Siaya CHMT
Siaya,Ugunja Sub County,Simenya Health Centre,"14,091",Yes,Level 3,Siaya CHMT
Siaya,Gem Sub County,Sirembe Dispensary,"14,093",Yes,Level 3,Siaya CHMT
Siaya,Rarieda Sub County,St Joseph's Obaga Dispensary,"14,111",Yes,Level 2,CHS Shinda Tena
Siaya,Gem Sub County,St Mary's Yala Dispensary,"16,418",Yes,Level 2,Siaya CHMT
Siaya,Rarieda Sub County,St Mathews Kandaria Dispensary,"20,037",New EMR Site,Level 2,No Partner
Siaya,Ugunja Sub County,St Raphael Okoth Dispensary,"22,384",New EMR Site,Level 2,No Partner
Siaya,Alego Usonga Sub County,Sumba Community Health Centre,"14,133",Yes,Level 3,Siaya CHMT
Siaya,Gem Sub County,Tatro Dispensary,"27,414",New EMR Site,Level 2,No Partner
Siaya,Alego Usonga Sub County,Ting'Wangi Subcounty Hospital,"14,148",Yes,Level 4,Siaya CHMT
Siaya,Ugunja Sub County,Tingare Health Centre,"14,147",Yes,Level 3,Siaya CHMT
Siaya,Bondo Sub County,Udimba Dispensary,"29,777",New EMR Site,Level 2,No Partner
Siaya,Alego Usonga Sub County,Uhembo Community Dispensary,"21,782",New EMR Site,Level 2,No Partner
Siaya,Alego Usonga Sub County,Uhembo Dispensary,"17,532",Yes,Level 2,Siaya CHMT
Siaya,Ugunja Sub County,Uhuyi Dispensary,"14,107",Yes,Level 2,Siaya CHMT
Siaya,Ugenya Sub County,Ukwala Sub County Hospital,"14,156",Yes,Level 4,Siaya CHMT
Siaya,Alego Usonga Sub County,Ulafu Dispensary,"20,507",New EMR Site,Level 2,No Partner
Siaya,Ugunja Sub County,Uloma Dispensary,"22,406",New EMR Site,Level 2,No Partner
Siaya,Bondo Sub County,Ulungo Dispensary,"14,158",Yes,Level 2,CHS Shinda Tena
Siaya,Ugunja Sub County,Uluthe Dispensary,"13,799",Yes,Level 2,Siaya CHMT
Siaya,Alego Usonga Sub County,Umala Dispensary,"16,791",Yes,Level 2,Siaya CHMT
Siaya,Ugenya Sub County,Umer Dispensary,"17,530",Yes,Level 2,Siaya CHMT
Siaya,Ugenya Sub County,Urenga Health Centre,"14,159",Yes,Level 4,Siaya CHMT
Siaya,Gem Sub County,Uriri Dispensary,"14,160",Yes,Level 2,Siaya CHMT
Siaya,Bondo Sub County,Usenge Health Centre,"14,163",Yes,Level 3,CHS Shinda Tena
Siaya,Bondo Sub County,Usigu Sub County Hospital,"14,164",Yes,Level 4,CHS Shinda Tena
Siaya,Gem Sub County,Uthanya Dispensary,"22,498",New EMR Site,Level 2,No Partner
Siaya,Bondo Sub County,Uyawi Sub County Hospital,"14,165",Yes,Level 4,CHS Shinda Tena
Siaya,Ugenya Sub County,Wadenya Dispensary,"27,168",New EMR Site,Level 2,No Partner
Siaya,Gem Sub County,Wagai Health Centre,"16,792",Yes,Level 4,Siaya CHMT
Siaya,Rarieda Sub County,Wagoro Dispensary (Rarieda),"17,438",Yes,Level 2,CHS Shinda Tena
Siaya,Gem Sub County,Yala Sub County Hospital,"14,175",Yes,Level 4,Siaya CHMT
Kisumu,Kisumu Central,Administration Police Dispensary (Kisumu),"13,464",Yes,Level 2,CIHEB Entrench
Kisumu,Nyando,Ahero County Hospital,"13,468",Yes,Level 4,Kisumu CoAg
Kisumu,Nyakach,Anding'o Opanga Dispensary,"13,477",Yes,Level 2,CIHEB Entrench
Kisumu,Kisumu West,Airport Health Centre (Kisumu),"13,469",Yes,Level 3,USAID Nuru ya Mtoto
Kisumu,Kisumu East,Angola Health Centre,"21,236",Yes,Level 3,USAID Nuru ya Mtoto
Kisumu,Nyakach,Bonde Dispensary,"13,506",Yes,Level 2,CIHEB Entrench
Kisumu,Nyando,Bunde Health Centre,"13,518",Yes,Level 3,Kisumu CoAg
Kisumu,Kisumu East,Chiga Sub County Hospital,"13,524",Yes,Level 4,USAID Nuru ya Mtoto
Kisumu,Kisumu West,Chulaimbo County Hospital,"13,528",Yes,Level 4,USAID Nuru ya Mtoto
Kisumu,Kisumu East,Gita Sub County Hospital,"13,647",Yes,Level 4,USAID Nuru ya Mtoto
Kisumu,Kisumu West,Lwala Kadawa Health Centre,"17,174",Yes,Level 3,HJF_Kisumu West
Kisumu,Kisumu East,GK Prisons Dispensary (Kibos),"13,579",Yes,Level 2,LVCT Prisons
Kisumu,Muhoroni,Chemelil Health Centre (Muhoroni),"13,522",Yes,Level 3,Kisumu CoAg
Kisumu,Kisumu West,Kodiaga Prison Health Centre,"13,709",Yes,Level 2,LVCT Prisons
Kisumu,Kisumu East,Kowino Dispensary,"13,722",Yes,Level 2,USAID Nuru ya Mtoto
Kisumu,Kisumu West,Mainga Health Centre,"21,208",Yes,Level 3,USAID Nuru ya Mtoto
Kisumu,Kisumu East,Got Nyabondo Health Centre,"13,591",Yes,Level 3,CIHEB Entrench
Kisumu,Kisumu Central,Migosi Sub County Hospital,"13,807",Yes,Level 4,USAID Nuru ya Mtoto
Kisumu,Kisumu Central,Nyalenda Health Centre,"13,887",Yes,Level 3,USAID Nuru ya Mtoto
Kisumu,Kisumu West,Ober Kamoth Sub County Hospital,"13,954",Yes,Level 4,USAID Nuru ya Mtoto
Kisumu,Kisumu West,Ojola Sub County Hospital,"13,971",Yes,Level 4,USAID Nuru ya Mtoto
Kisumu,Kisumu West,Riat Dispensary,"14,046",Yes,Level 2,USAID Nuru ya Mtoto
Kisumu,Kisumu East,Simba Opepo Health Centre,"14,088",Yes,Level 3,USAID Nuru ya Mtoto
Kisumu,Kisumu West,St Mark's Lela Health Centre,"14,118",Yes,Level 3,USAID Nuru ya Mtoto
Kisumu,Nyando,Holo Dispensary,"17,118",Yes,Level 2,Kisumu CoAg
Kisumu,Kadibo,Hongo Ogosa Health Centre,"13,609",Yes,Level 3,Kisumu CoAg
Kisumu,Kisumu West,Sunga Dispensary,"17,175",Yes,Level 2,USAID Nuru ya Mtoto
Kisumu,Muhoroni,Kandege Dispensary,"13,652",Yes,Level 2,Kisumu CoAg
Kisumu,Kisumu West,Usoma Health Centre,"16,664",Yes,Level 3,USAID Nuru ya Mtoto
Kisumu,Seme,Arito Langi Health Centre,"13,484",Yes,Level 3,HJF_Kisumu West
Kisumu,Seme,Asat Beach Dispensary,"13,487",Yes,Level 2,HJF_Kisumu West
Kisumu,Seme,Dago Jonyo Dispensary,"20,377",Yes,Level 2,HJF_Kisumu West
Kisumu,Seme,Kolenyo Health Centre,"17,172",Yes,Level 3,HJF_Kisumu West
Kisumu,Seme,Kombewa County Referral Hospital,"13,714",Yes,Level 4,HJF_Kisumu West
Kisumu,Seme,Korwenje Dispensary,"13,720",Yes,Level 2,HJF_Kisumu West
Kisumu,Seme,Kuoyo Kaila Health Centre,"17,171",Yes,Level 3,HJF_Kisumu West
Kisumu,Seme,Langi Kawino Dispensary,"18,250",Yes,Level 2,HJF_Kisumu West
Kisumu,Seme,Lolwe Health Centre,"21,262",Yes,Level 3,HJF_Kisumu West
Kisumu,Seme,Manyuanda Sub county Hospital,"13,770",Yes,Level 4,HJF_Kisumu West
Kisumu,Seme,Miranga Sub County Hospital,"13,810",Yes,Level 4,HJF_Kisumu West
Kisumu,Seme,Nduru Kadero Health Centre,"13,848",Yes,Level 3,HJF_Kisumu West
Kisumu,Seme,Onyinjo Dispensary,"17,173",Yes,Level 2,HJF_Kisumu West
Kisumu,Seme,Opapla Health Centre,"13,990",Yes,Level 3,HJF_Kisumu West
Kisumu,Seme,Oriang' Alwala Dispensary,"18,086",Yes,Level 2,HJF_Kisumu West
Kisumu,Seme,Osewre Dispensary,"20,069",Yes,Level 2,HJF_Kisumu West
Kisumu,Seme,Otieno Owala Health Centre,"20,024",Yes,Level 3,HJF_Kisumu West
Kisumu,Seme,Ratta Health Centre,"14,040",Yes,Level 3,HJF_Kisumu West
Kisumu,Seme,Rodi Health Centre,"14,057",Yes,Level 3,HJF_Kisumu West
Kisumu,Nyando,Kandida,"16,283",Yes,Level 2,Kisumu CoAg
Kisumu,Kadibo,Kanyagwal Dispensary,"13,654",Yes,Level 2,Kisumu CoAg
Kisumu,Muhoroni,Kasongo Dispensary,"16,282",Yes,Level 2,Kisumu CoAg
Kisumu,Nyakach,Katito Sub County Hospital,"13,657",Yes,Level 4,CIHEB Entrench
Kisumu,Nyando,Katolo-Manyatta Dispensary,"18,421",Yes,Level 2,Kisumu CoAg
Kisumu,Muhoroni,Kibigori Dispensary,"13,687",Yes,Level 2,Kisumu CoAg
Kisumu,Nyakach,Kibogo Dispensary,"13,688",Yes,Level 2,CIHEB Entrench
Kisumu,Kisumu East,Kibos Sugar Research Dispensary,"13,689",Yes,Level 2,CIHEB Entrench
Kisumu,Nyando,Kinasia Dispensary,"13,694",Yes,Level 2,Kisumu CoAg
Kisumu,Kisumu Central,Kisumu County Hospital,"13,704",Yes,Level 5,CIHEB Entrench
Kisumu,Kisumu Central,Kisumu Police Line Dispensary,"19,869",Yes,Level 2,CIHEB Entrench
Kisumu,Nyakach,Kodingo Health Centre,"13,727",Yes,Level 3,CIHEB Entrench
Kisumu,Muhoroni,Koru Dispensary,"17,110",Yes,Level 2,Kisumu CoAg
Kisumu,Kisumu Central,Lumumba Sub County Hospital,"13,738",Yes,Level 4,CIHEB Entrench
Kisumu,Nyando,Magina Health Centre,"18,430",Yes,Level 3,Kisumu CoAg
Kisumu,Muhoroni,Makindu Dispensary,"13,759",Yes,Level 2,Kisumu CoAg
Kisumu,Muhoroni,Mashambani Health Centre,"17,111",Yes,Level 3,Kisumu CoAg
Kisumu,Muhoroni,Masogo Sub County Hospital,"13,785",Yes,Level 4,Kisumu CoAg
Kisumu,Muhoroni,Miwani Health Centre,"13,816",Yes,Level 3,Kisumu CoAg
Kisumu,Muhoroni,Mnara Dispensary,"13,817",Yes,Level 2,Kisumu CoAg
Kisumu,Muhoroni,Muhoroni County Hospital,"13,831",Yes,Level 4,Kisumu CoAg
Kisumu,Kisumu West,Nyahera Sub County Hospital,"13,880",Yes,Level 4,CIHEB Entrench
Kisumu,Nyakach,Nyakach County Hospital,"13,921",Yes,Level 4,CIHEB Entrench
Kisumu,Nyando,Nyakongo health Centre,"13,884",Yes,Level 3,Kisumu CoAg
Kisumu,Kisumu East,Nyalunya Health Centre,"13,890",Yes,Level 3,CIHEB Entrench
Kisumu,Nyakach,Nyamarimba Sub County Hospital,"13,899",Yes,Level 4,CIHEB Entrench
Kisumu,Kadibo,Nyangande Sub County Hospital,"13,923",Yes,Level 4,Kisumu CoAg
Kisumu,Muhoroni,Nyang'oma Sub County Hospital,"13,928",Yes,Level 4,Kisumu CoAg
Kisumu,Nyakach,Oboch Dispensary,"13,955",Yes,Level 2,CIHEB Entrench
Kisumu,Muhoroni,Obumba Health Centre,"13,956",Yes,Level 3,Kisumu CoAg
Kisumu,Muhoroni,Ogen Dispensary,"13,965",Yes,Level 2,Kisumu CoAg
Kisumu,Nyando,Olasi Dispensary,"13,976",Yes,Level 2,Kisumu CoAg
Kisumu,Nyakach,Onyuongo Dispensary,"20,209",Yes,Level 2,CIHEB Entrench
Kisumu,Nyakach,Pedo Dispensary,"18,725",Yes,Level 2,CIHEB Entrench
Kisumu,Kadibo,Rabuor Sub County Hospital,"14,020",Yes,Level 4,Kisumu CoAg
Kisumu,Nyakach,Radienya Dispensary,"18,722",Yes,Level 2,CIHEB Entrench
Kisumu,Nyakach,Rae Dispensary,"14,024",Yes,Level 2,CIHEB Entrench
Kisumu,Kisumu Central,Railways Dispensary (Kisumu),"14,027",Yes,Level 3,CIHEB Entrench
Kisumu,Kisumu West,Rota Health Centre,"14,060",Yes,Level 3,CIHEB Entrench
Kisumu,Nyakach,Sango Rota Health Centre,"14,066",Yes,Level 3,CIHEB Entrench
Kisumu,Nyakach,Sigoti Health Centre,"14,086",Yes,Level 3,CIHEB Entrench
Kisumu,Nyakach,Sondu sub county Hospital,"14,096",Yes,Level 4,CIHEB Entrench
Kisumu,Muhoroni,Tamu Health Centre,"14,141",Yes,Level 3,Kisumu CoAg
Kisumu,Nyando,Wanganga Health Centre,"18,283",Yes,Level 3,Kisumu CoAg
Kisumu,Kisumu West,Maseno University Health center,"13,782",Yes,Level 3,HJF_Kisumu West
Kisumu,Seme,Bar Korwa MH,"13,498",Yes,Level 3,HJF_Kisumu West
Kisumu,Nyando,Nyakongo HC,"13,884",Yes,Level 3,Kisumu CoAg
Kisumu,Kadibo,Kochieng Health Centre - Kobura Ward,"21,671",New,Level 3,NULL
Kisumu,Kadibo,Lela Health Centre-Kobura Ward,"27,415",New,Level 3,NULL
Kisumu,Kadibo,Nyamware Health Centre - Kobura Ward,"27,104",New,Level 3,NULL
Kisumu,Kadibo,Okana Dispensary - Kobura Ward,"20,666",New,Level 2,NULL
Kisumu,Kadibo,Komwaga Health Center/Kabonyo Kanyagwal,"21,310",New,Level 3,NULL
Kisumu,Kadibo,Ugwe Health Centre - Kabonyo/Kanyagwal Ward,"29,904",New,Level 3,NULL
Kisumu,Kadibo,Absalom Wangulu Dispensary/Kabonyo Kanyagwal,"20,524",New,Level 2,NULL
Kisumu,Kadibo,Kadhiambo dispensary - Kabonyo/Kanyagwal Ward,"21,657",New,Level 2,NULL
Kisumu,Kadibo,Koduol Reru Dispensary - Kabonyo/Kanyagwal Ward,"20,531",New,Level 2,NULL
Kisumu,Kadibo,Kanyagwal Dispensary - Kabonyo/Kanyagwal Ward,"13,654",New,Level 2,NULL
Kisumu,Kisumu Central,Beyond Zero Mobile Medical Clinic (Kisumu) - Kondele Ward,"20,965",New,Level 2,NULL
Kisumu,Kisumu Central,Dunga GoK Dispensary - Nyalenda B Ward,"22,064",New,Level 2,NULL
Kisumu,Kisumu Central,Kanyakwar Dispensary - Railways Ward,"29,554",New,Level 2,NULL
Kisumu,Kisumu Central,St Lydia okore Dispensary - Railways Ward,"21,706",New,Level 2,NULL
Kisumu,Kisumu Central,Obunga dispensary-Railways Ward,"29,553",New,Level 2,NULL
Kisumu,Kisumu East,Orongo Dispensary - Kolwa East Ward,"21,047",New,Level 2,NULL
Kisumu,Kisumu East,Obino Dispensary - Kolwa East Ward,"29,396",New,Level 2,NULL
Kisumu,Kisumu East,Kotunga Dispensary - Kajulu Ward,"21,899",New,Level 2,NULL
Kisumu,Kisumu East,Ongadi Dispensary - Kajulu Ward,"29,412",New,Level 2,NULL
Kisumu,Kisumu East,Kuoyo Health Center - Manyatta B Ward,"21,705",New,Level 3,NULL
Kisumu,Kisumu West,Aboge Health Centre - West Kisumu Ward,"23,541",New,Level 3,NULL
Kisumu,Kisumu West,Gombe Kokulo Health Centre - West Kisumu Ward,"25,958",New,Level 3,NULL
Kisumu,Kisumu West,Lwala Kadawa Health Centre - West Kisumu Ward,"17,174",New,Level 3,NULL
Kisumu,Kisumu West,Barkorumba Health Centre - Kisumu North Ward,"25,956",New,Level 3,NULL
Kisumu,Kisumu West,Dago Kokore Health Centre - Kisumu North Ward,"22,806",New,Level 3,NULL
Kisumu,Kisumu West,Geta Health Centre - Kisumu North Ward,"25,957",New,Level 3,NULL
Kisumu,Kisumu West,Dago Kotiende Dispensary - North West Kisumu Ward,"32,490",New,Level 2,NULL
Kisumu,Kisumu West,Nyitienge Health Centre - South West Kisumu Ward,"29,387",New,Level 3,NULL
Kisumu,Kisumu West,Paga Health Centre-South West Kisumu,"29,385",New,Level 3,NULL
Kisumu,Kisumu West,Rota Health Centre - South West Kisumu Ward,"14,060",New,Level 3,NULL
Kisumu,Kisumu West,Ongalo Dispensary - South West Kisumu Ward,"29,365",New,Level 2,NULL
Kisumu,Muhoroni,Nyakoko Dispensary - Masogo/Nyang'oma Ward,"27,219",New,Level 3,NULL
Kisumu,Muhoroni,Jaber Dispensary - Muhoroni Koru Ward,"20,503",New,Level 2,NULL
Kisumu,Muhoroni,Nyangore Dispensary - Chemelil Ward,"20,501",New,Level 2,NULL
Kisumu,Muhoroni,Yago Dispensary - Chemelil Ward,"20,334",New,Level 2,NULL
Kisumu,Nyakach,Sangoro Dispensary - West Nyakach Ward,"27,526",New,Level 2,NULL
Kisumu,Nyakach,Andingo Rongo - West Nyakach Ward,"13,477",New,Level 2,NULL
Kisumu,Nyakach,Nyabola CDF Dispensary - Central Nyakach Ward,"18,865",New,Level 2,NULL
Kisumu,Nyakach,Kodum Dispensary - Central Nyakach Ward,"29,886",New,Level 2,NULL
Kisumu,Nyakach,Lisana Dispensary - North Nyakach Ward,"23,712",New,Level 2,NULL
Kisumu,Nyakach,Cherwa Dispensary - North Nyakach Ward,"20,240",New,Level 2,NULL
Kisumu,Nyakach,Rang'ul Dispensary - North Nyakach Ward,"21,039",New,Level 2,NULL
Kisumu,Nyakach,Gari Dispensary - South West Nyakach Ward,"18,866",New,Level 2,NULL
Kisumu,Nyakach,Michura Dispensary - South West Nyakach Ward,"32,718",New,Level 2,NULL
Kisumu,Nyakach,Keyo Dispensary - South East Nyakach Ward,"26,428",New,Level 2,NULL
Kisumu,Nyando,Magina Health Center - East Kano/Wawidhi Ward,"18,430",New,Level 3,NULL
Kisumu,Nyando,Ayweyo Health centre - East Kano/Wawidhi,"27,105",New,Level 3,NULL
Kisumu,Nyando,Olasi Dispensary (Nyando) - East Kano/Wawidhi Ward,"13,976",New,Level 2,NULL
Kisumu,Nyando,Katolo-Manyatta Dispensary - East Kano/Wawidhi Ward,"18,421",New,Level 2,NULL
Kisumu,Nyando,Oren Health Centre - Awasi/Onjiko,"18,800",New,Level 3,NULL
Kisumu,Nyando,Wanganga Health Centre - Awasi/Onjiko Ward,"18,283",New,Level 3,NULL
Kisumu,Nyando,Ayucha Health Centre - Awasi/Onjiko Ward,"26,516",New,Level 2,NULL
Kisumu,Nyando,Kadinda Health Centre - Ahero Ward,"16,283",New,Level 3,NULL
Kisumu,Nyando,Koluoch Health Centre - Ahero Ward,"31,980",New,Level 3,NULL
Kisumu,Nyando,Nyadado Dispensary- East Seme Ward,"32,019",New,Level 2,NULL
Kisumu,Seme,Nyadado Dispensary- East Seme Ward,"32,019",New,Level 2,NULL
Homa Bay,Rachuonyo North,Okiki Amayo Health Centre,"13,972",Yes,Level 3,HOMA BAY CHMT
Homa Bay,Suba North,Usao Health Centre,"14,162",Yes,Level 3,LVCT Vukisha 95
Homa Bay,Suba South,Kiwa Island Dispensary,"13,707",Yes,Level 2,LVCT Vukisha 95
Homa Bay,Rangwe,Nyawawa Dispensary,"19,863",Yes,Level 2,HOMA BAY CHMT
Homa Bay,Ndhiwa,Kome Dispensary,"20,347",Yes,Level 3,LVCT Vukisha 95
Homa Bay,Rachuonyo East,Kimonge Health Centre,"13,693",Yes,Level 3,HOMA BAY CHMT
Homa Bay,Suba South,Nyatoto Health Centre,"13,946",Yes,Level 3,LVCT Vukisha 95
Homa Bay,Rachuonyo North,Alum Beach Dispensary,"13,472",Yes,Level 3,HOMA BAY CHMT
Homa Bay,Suba North,Ang’iya Dispensary,"13,479",Yes,Level 2,LVCT Vukisha 95
Homa Bay,Rachuonyo East,Ragwe Dispensary,"18,530",Yes,Level 3,HOMA BAY CHMT
Homa Bay,Suba South,Magunga Health Centre,"13,753",Yes,Level 4,LVCT Vukisha 95
Homa Bay,Rachuonyo North,Kendu Sub District Hospital,"13,668",Yes,Level 4,HOMA BAY CHMT
Homa Bay,Suba South,Nyadenda Health Centre,"13,870",Yes,Level 3,LVCT Vukisha 95
Homa Bay,Rachuonyo East,GodBer Health Center,"13,584",Yes,Level 3,HOMA BAY CHMT
Homa Bay,Rachuonyo South,Nyabola Dispensary,"13,863",Yes,Level 3,HOMA BAY CHMT
Homa Bay,Suba South,Nyandiwa Dispensary,"13,920",Yes,Level 4,LVCT Vukisha 95
Homa Bay,Rachuonyo East,Nyawango Dispensary,"18,051",Yes,Level 2,HOMA BAY CHMT
Homa Bay,Rachuonyo North,Miriu Health Centre,"13,812",Yes,Level 3,HOMA BAY CHMT
Homa Bay,Suba North,Tom Mboya Memorial SCH,"14,150",Yes,Level 4,LVCT Vukisha 95
Homa Bay,Suba North,Kolunga Dispensary,"13,642",Yes,Level 2,LVCT Vukisha 95
Homa Bay,Rachuonyo North,Kandiege SCH,"13,653",Yes,Level 4,HOMA BAY CHMT
Homa Bay,Homa Bay Town,Nyamasi Dispensary,"13,902",Yes,Level 3,LVCT Vukisha 95
Homa Bay,Suba South,Malongo Dispensary,"20,379",Yes,Level 2,LVCT Vukisha 95
Homa Bay,Ndhiwa,Kadhola Dispensary,"16,769",Yes,Level 3,LVCT Vukisha 95
Homa Bay,Suba West,Sena Health Centre,"14,075",Yes,Level 4,LVCT Vukisha 95
Homa Bay,Suba North,Kitare Health Centre,"13,705",Yes,Level 3,LVCT Vukisha 95
Homa Bay,Rangwe,Gongo Dispensary,"13,587",Yes,Level 2,HOMA BAY CHMT
Homa Bay,Suba South,Obanga Health Centre,"13,951",Yes,Level 3,LVCT Vukisha 95
Homa Bay,Suba West,Ugina Health Centre,"14,155",Yes,Level 3,LVCT Vukisha 95
Homa Bay,Rachuonyo East,Atemo Health Centre,"13,489",Yes,Level 3,HOMA BAY CHMT
Homa Bay,Suba South,Tonga Health Centre,"14,152",Yes,Level 3,LVCT Vukisha 95
Homa Bay,Homa Bay Town,Ogande Dispensary,"13,962",Yes,Level 2,LVCT Vukisha 95
Homa Bay,Rangwe,Nyagoro Health Center,"13,875",Yes,Level 3,HOMA BAY CHMT
Homa Bay,Rachuonyo East,Kasewe Dispensary,"20,153",Yes,Level 2,HOMA BAY CHMT
Homa Bay,Suba West,Ringiti Dispensary,"17,710",Yes,Level 2,LVCT Vukisha 95
Homa Bay,Rachuonyo South,Nyalgosi Dispensary,"13,889",Yes,Level 3,HOMA BAY CHMT
Homa Bay,Rachuonyo North,Wikondiek Dispensary,"19,909",Yes,Level 3,HOMA BAY CHMT
Homa Bay,Rachuonyo North,Simbi Kogembo Dispensary,"14,089",Yes,Level 3,HOMA BAY CHMT
Homa Bay,Ndhiwa,Okok Dispensary,"16,259",Yes,Level 3,LVCT Vukisha 95
Homa Bay,Rangwe,Obuya Dispensary,"19,866",Yes,Level 2,HOMA BAY CHMT
Homa Bay,Suba South,NYS Dispensary (Suba),"13,949",Yes,Level 2,LVCT Vukisha 95
Homa Bay,Rachuonyo South,Yala Dispensary,"17,069",Yes,Level 3,HOMA BAY CHMT
Homa Bay,Homa Bay Town,Koduogo Dispensary,"19,861",Yes,Level 3,LVCT Vukisha 95
Homa Bay,Suba West,Nyakweri Dispensary,"18,420",Yes,Level 2,LVCT Vukisha 95
Homa Bay,Rachuonyo South,Matata Nursing Hospital,"13,789",Yes,Level 4,HOMA BAY CHMT
Homa Bay,Suba West,Yokia Dispensary,"14,176",Yes,Level 2,LVCT Vukisha 95
Homa Bay,Ndhiwa,Oridi Dispensary,"16,767",Yes,Level 3,LVCT Vukisha 95
Homa Bay,Rangwe,Ndiru Health Centre,"13,843",Yes,Level 3,HOMA BAY CHMT
Homa Bay,Homa Bay Town,Marindi Sub County Referral Hospital,"13,777",Yes,Level 4,LVCT Vukisha 95
Homa Bay,Rangwe,Nyambare Dispensary,"19,867",Yes,Level 3,HOMA BAY CHMT
Homa Bay,Rangwe,Rangwe Sub-District Hospital,"14,036",Yes,Level 4,HOMA BAY CHMT
Homa Bay,Rachuonyo North,Oyuma Dispensary (Rachuonyo),"17,852",Yes,Level 3,HOMA BAY CHMT
Homa Bay,Rachuonyo North,Kogweno Oriang' Dispensary,"13,711",Yes,Level 3,HOMA BAY CHMT
Homa Bay,Ndhiwa,Unga Dispensary,"20,242",Yes,Level 3,LVCT Vukisha 95
Homa Bay,Rachuonyo North,Omboga Dispensary,"13,980",Yes,Level 3,HOMA BAY CHMT
Homa Bay,Rangwe,Rariw Dispensary,"14,038",Yes,Level 2,HOMA BAY CHMT
Homa Bay,Homa Bay Town,Nyalkinyi (Jersey) Dispensary,"16,986",Yes,Level 3,LVCT Vukisha 95
Homa Bay,Rachuonyo North,Kosele Dispensary,"13,721",Yes,Level 3,HOMA BAY CHMT
